{
    "pageInfo": [{
        "id": "2",
        "drugname": "后悔药",
        "imgSmall": "json/123.jpg",
        "discount": "购满199.00，可减30",
        "spec": "100mg",
        "sale": [{
            "name": "购满499.00，可选金龙鱼葵花籽食用调和油",
            "value": "1",
            "price": 12.3
        }, {
            "name": "购满199.00减30.00",
            "value": "2",
            "price": 23.4
        }, {
            "name": "购满299.00减80.00",
            "value": "3",
            "price": 45.67
        }, {
            "name": "购满299.00减890.00",
            "value": "4",
            "price": 59.22
        }, {
            "name": "购满299.00减90.00",
            "value": "5",
            "price": 93.00
        }]
    }, {
        "id": "1",
        "drugname": "忘情水",
        "imgSmall": "json/123.jpg",
        "discount": "购满199.00，可减30",
        "spec": "100mg",
        "sale": [{
            "name": "购满499.00，可选金龙鱼葵花籽食用调和油",
            "value": "1",
            "price": 12.3
        }, {
            "name": "购满199.00减30.00",
            "value": "2",
            "price": 23.4
        }]
    }, {
        "id": "3",
        "drugname": "大力丸",
        "imgSmall": "json/123.jpg",
        "discount": "购满199.00，可减30",
        "spec": "100mg",
        "sale": [{
            "name": "购满499.00，可选金龙鱼葵花籽食用调和油",
            "value": "1",
            "price": 12.3
        }, {
            "name": "购满199.00减30.00",
            "value": "2",
            "price": 23.4
        }]
    }, {
        "id": "4",
        "drugname": "还魂丹",
        "imgSmall": "json/123.jpg",
        "discount": "购满199.00，可减30",
        "spec": "100mg",
        "sale": [{
            "name": "购满499.00，可选金龙鱼葵花籽食用调和油",
            "value": "1",
            "price": 12.3
        }, {
            "name": "购满199.00减30.00",
            "value": "2",
            "price": 23.4
        }]
    }, {
        "id": "5",
        "drugname": "板蓝根冲剂",
        "imgSmall": "json/123.jpg",
        "discount": "购满199.00，可减30",
        "spec": "100mg",
        "sale": [{
            "name": "购满499.00，可选金龙鱼葵花籽食用调和油",
            "value": "1",
            "price": 12.3
        }, {
            "name": "购满199.00减30.00",
            "value": "2",
            "price": 23.4
        }]
    }, {
        "id": "6",
        "drugname": "阿莫西林胶囊",
        "imgSmall": "json/123.jpg",
        "discount": "购满199.00，可减30",
        "spec": "100mg",
        "sale": [{
            "name": "购满499.00，可选金龙鱼葵花籽食用调和油",
            "value": "1",
            "price": 12.3
        }]
    }, {
        "id": "7",
        "drugname": "六味地黄丸",
        "imgSmall": "json/123.jpg",
        "discount": "购满199.00，可减30",
        "spec": "100mg",
        "sale": [{
            "name": "购满499.00，可选金龙鱼葵花籽食用调和油",
            "value": "1",
            "price": 12.3
        }, {
            "name": "购满199.00减30.00",
            "value": "2",
            "price": 23.4
        }]
    }, {
        "id": "8",
        "drugname": "双黄连口服液",
        "imgSmall": "json/123.jpg",
        "discount": "购满199.00，可减30",
        "spec": "100mg",
        "sale": [{
            "name": "购满499.00，可选金龙鱼葵花籽食用调和油",
            "value": "1",
            "price": 12.3
        }, {
            "name": "购满199.00减30.00",
            "value": "2",
            "price": 23.4
        }]
    }, {
        "id": "9",
        "drugname": "连花清瘟胶囊",
        "imgSmall": "json/123.jpg",
        "discount": "购满199.00，可减30",
        "spec": "100mg",
        "sale": [{
            "name": "购满499.00，可选金龙鱼葵花籽食用调和油",
            "value": "1",
            "price": 12.3
        }, {
            "name": "购满199.00减30.00",
            "value": "2",
            "price": 23.4
        }]
    }],
    "info": "获取成功",
    "status": 0
}