{
    "returnValue": [{
        "orderTime": "1983-03-22 17:30:10",
        "purshaseId": "460000198608181033",
        "qutity": 41,
        "totalPrice": 109,
        "remark": "布收住求题气声织府使",
        "isDelete": 1,
        "GOODSID": "http://dummyimage.com/100x100/green/fff&text=hi",
        "GNAME": "例毛务存队真条处真工新标",
        "APEC": "300x300",
        "PRICE": 133,
        "payType": "在线支付",
        "PRODUCER": "品高公司",
        "address": "天河软件园",
        "orderStatus": "已确认",
        "name": "张默默",
        "phone": "12360245343"
    }, {
        "orderTime": "1974-09-02 06:03:01",
        "purshaseId": "610000197405024621",
        "qutity": 33,
        "totalPrice": 1751,
        "remark": "向见值属六条感回红公领战定调手方定存",
        "isDelete": 1,
        "GOODSID": "http://dummyimage.com/100x100/green/fff&text=hi",
        "GNAME": "区许运化动空公小属提出",
        "APEC": "200x200",
        "PRICE": 114,
        "payType": "在线支付",
        "PRODUCER": "品高公司",
        "address": "天河软件园",
        "orderStatus": "已确认",
        "name": "张默默",
        "phone": "12360245343"
    }, {
        "orderTime": "1973-12-17 18:28:37",
        "purshaseId": "410000198807033595",
        "qutity": 65,
        "totalPrice": 954,
        "remark": "基路员说海习音联年局海土发会面建资务",
        "isDelete": 1,
        "GOODSID": "http://dummyimage.com/100x100/green/fff&text=hi",
        "GNAME": "三省毛本两在连斯同加斯还书容统",
        "APEC": "300x300",
        "PRICE": 63,
        "payType": "在线支付",
        "PRODUCER": "品高公司",
        "address": "天河软件园",
        "orderStatus": "已确认",
        "name": "张默默",
        "phone": "12360245343"
    }, {
        "orderTime": "1975-03-03 21:26:37",
        "purshaseId": "320000198708057135",
        "qutity": 95,
        "totalPrice": 366,
        "remark": "效列内然传学",
        "isDelete": 1,
        "GOODSID": "http://dummyimage.com/100x100/ff6600/fff&text=hello",
        "GNAME": "群易事所许清快前往",
        "APEC": "300x300",
        "PRICE": 163,
        "payType": "线下支付",
        "PRODUCER": "品高公司",
        "address": "天河软件园",
        "orderStatus": "已确认",
        "name": "张默默",
        "phone": "12360245343"
    }, {
        "orderTime": "1976-07-14 14:58:58",
        "purshaseId": "110000197311263674",
        "qutity": 90,
        "totalPrice": 1875,
        "remark": "布人少利求受是这应第用传极低美海几平世拉",
        "isDelete": 1,
        "GOODSID": "http://dummyimage.com/100x100/green/fff&text=hi",
        "GNAME": "条非没十二线证应记便统关林和点",
        "APEC": "300x300",
        "PRICE": 149,
        "payType": "线下支付",
        "PRODUCER": "品高公司",
        "address": "天河软件园",
        "orderStatus": "已确认",
        "name": "张默默",
        "phone": "12360245343"
    }, {
        "orderTime": "1982-10-12 08:47:38",
        "purshaseId": "210000200104253148",
        "qutity": 16,
        "totalPrice": 137,
        "remark": "义候程是号划南信采派处却音信那立满强回全",
        "isDelete": 1,
        "GOODSID": "http://dummyimage.com/100x100/green/fff&text=hi",
        "GNAME": "单气年历育电商火支号市通",
        "APEC": "200x200",
        "PRICE": 102,
        "payType": "线下支付",
        "PRODUCER": "品高公司",
        "address": "天河软件园",
        "orderStatus": "已确认",
        "name": "张默默",
        "phone": "12360245343"
    }, {
        "orderTime": "1975-08-20 06:17:53",
        "purshaseId": "330000198412054252",
        "qutity": 12,
        "totalPrice": 1778,
        "remark": "己理因身最共道每识",
        "isDelete": 1,
        "GOODSID": "http://dummyimage.com/100x100/green/fff&text=hi",
        "GNAME": "约但界你严",
        "APEC": "300x300",
        "PRICE": 19,
        "payType": "在线支付",
        "PRODUCER": "品高公司",
        "address": "天河软件园",
        "orderStatus": "已确认",
        "name": "张默默",
        "phone": "12360245343"
    }, {
        "orderTime": "2010-02-28 20:19:35",
        "purshaseId": "430000201503171946",
        "qutity": 28,
        "totalPrice": 474,
        "remark": "身战节实十发深达素给想点平带信",
        "isDelete": 1,
        "GOODSID": "http://dummyimage.com/100x100/ff6600/fff&text=hello",
        "GNAME": "较温报口己有装空影件热",
        "APEC": "300x300",
        "PRICE": 103,
        "payType": "在线支付",
        "PRODUCER": "品高公司",
        "address": "天河软件园",
        "orderStatus": "已确认",
        "name": "张默默",
        "phone": "12360245343"
    }, {
        "orderTime": "1980-10-01 20:08:47",
        "purshaseId": "310000200205114829",
        "qutity": 97,
        "totalPrice": 933,
        "remark": "火主量江万运调交",
        "isDelete": 1,
        "GOODSID": "http://dummyimage.com/100x100/green/fff&text=hi",
        "GNAME": "九经五六代毛族今东时空引快",
        "APEC": "300x300",
        "PRICE": 152,
        "payType": "线下支付",
        "PRODUCER": "品高公司",
        "address": "天河软件园",
        "orderStatus": "已确认",
        "name": "张默默",
        "phone": "12360245343"
    }, {
        "orderTime": "1978-01-02 18:32:40",
        "purshaseId": "520000199205176716",
        "qutity": 69,
        "totalPrice": 1200,
        "remark": "带何它题起就六受",
        "isDelete": 1,
        "GOODSID": "http://dummyimage.com/100x100/green/fff&text=hi",
        "GNAME": "见见外亲东提必过",
        "APEC": "400x400",
        "PRICE": 177,
        "payType": "在线支付",
        "PRODUCER": "品高公司",
        "address": "天河软件园",
        "orderStatus": "已确认",
        "name": "张默默",
        "phone": "12360245343"
    }, {
        "orderTime": "1980-04-03 18:08:50",
        "purshaseId": "120000197707205413",
        "qutity": 31,
        "totalPrice": 1950,
        "remark": "动志红劳传县物识音再石消现样铁",
        "isDelete": 1,
        "GOODSID": "http://dummyimage.com/100x100/f30/fff&text=mock",
        "GNAME": "话思只素单何步第",
        "APEC": "300x300",
        "PRICE": 25,
        "payType": "线下支付",
        "PRODUCER": "品高公司",
        "address": "天河软件园",
        "orderStatus": "已确认",
        "name": "张默默",
        "phone": "12360245343"
    }, {
        "orderTime": "2006-03-22 13:53:31",
        "purshaseId": "710000200801222193",
        "qutity": 34,
        "totalPrice": 1023,
        "remark": "制但往派备九级都单低布第习其",
        "isDelete": 1,
        "GOODSID": "http://dummyimage.com/100x100/f30/fff&text=mock",
        "GNAME": "学而步更问流难件上南品何书",
        "APEC": "300x300",
        "PRICE": 131,
        "payType": "在线支付",
        "PRODUCER": "品高公司",
        "address": "天河软件园",
        "orderStatus": "已确认",
        "name": "张默默",
        "phone": "12360245343"
    }]
}