{
    "data": [
    {
        "id": "2",
        "title": "元旦促销开始啦",
        "content": "<p class='content-p'>活动内容：</p><p class='content-p indent'>1、凡在促销期间，所有感冒类药品均九折销售，VIP会员客户可以享受八折优惠。</p><p class='content-p indent'>2、购物满200元，送20元的现金券；购物满1000元，送150元的现金卷。</p>",
        "time": "11:21"
    },
    {
        "id": "2",
        "title": "元旦促销开始啦",
        "content": "<p class='content-p'>活动内容：</p><p class='content-p indent'>1、凡在促销期间，所有感冒类药品均九折销售，VIP会员客户可以享受八折优惠。</p><p class='content-p indent'>2、购物满200元，送20元的现金券；购物满1000元，送150元的现金卷。</p>",
        "time": "11:21"
    },
    {
        "id": "2",
        "title": "元旦促销开始啦",
        "content": "<p class='content-p'>活动内容：</p><p class='content-p indent'>1、凡在促销期间，所有感冒类药品均九折销售，VIP会员客户可以享受八折优惠。</p><p class='content-p indent'>2、购物满200元，送20元的现金券；购物满1000元，送150元的现金卷。</p>",
        "time": "11:21"
    },
    {
        "id": "2",
        "title": "元旦促销开始啦",
        "content": "<p class='content-p'>活动内容：</p><p class='content-p indent'>1、凡在促销期间，所有感冒类药品均九折销售，VIP会员客户可以享受八折优惠。</p><p class='content-p indent'>2、购物满200元，送20元的现金券；购物满1000元，送150元的现金卷。</p>",
        "time": "11:21"
    }],
    "info": "获取成功",
    "status": 0
}