{
    "data": [
    {
        "id": "2",
        "title": "元旦促销开始啦",
        "content": "保健品类活动满199件20",
        "time": "11:21",
        "count": "20",
        "type": "notice"
    },
    {
        "id": "2",
        "title": "元旦促销开始啦",
        "content": "保健品类活动满199件20",
        "time": "11:21",
        "count": "20",
        "type": "order"
    },
    {
        "id": "2",
        "title": "元旦促销开始啦",
        "content": "保健品类活动满199件20",
        "time": "11:21",
        "count": "20",
        "type": "awlay"
    },
    {
        "id": "2",
        "title": "元旦促销开始啦",
        "content": "保健品类活动满199件20",
        "time": "11:21",
        "count": "20",
        "type": "quick"
    }],
    "info": "获取成功",
    "status": 0
}