{
	"returnValue": [{
		"id": "52000019830926736X",
		"imgSmall": "http://dummyimage.com/100x100/ff6600/fff&text=hello",
		"drugname": "年口因切国本济劳再满没关金队志步当构美",
		"spec": "300*300",
		"promotionPrice": 78.976672,
		"producer": "日立电梯"
	}, {
		"id": "710000197712242251",
		"imgSmall": "http://dummyimage.com/100x100/ff6600/fff&text=hello",
		"drugname": "只原据影象去划记格",
		"spec": "200*200",
		"promotionPrice": 68.24,
		"producer": "日立电梯"
	}, {
		"id": "620000200704126376",
		"imgSmall": "http://dummyimage.com/100x100/green/fff&text=hi",
		"drugname": "向值千点因作实八商管场品九往管二",
		"spec": "300*300",
		"promotionPrice": 96.89513447845,
		"producer": "日立电梯"
	}, {
		"id": "330000199605153817",
		"imgSmall": "http://dummyimage.com/100x100/green/fff&text=hi",
		"drugname": "规代术出好意号速",
		"spec": "100*100",
		"promotionPrice": 97.425891183357,
		"producer": "中国石油"
	}, {
		"id": "23000020050809145X",
		"imgSmall": "http://dummyimage.com/100x100/green/fff&text=hi",
		"drugname": "火部心写立高劳龙目数法农六响光达前团作",
		"spec": "100*100",
		"promotionPrice": 69.21371282162276,
		"producer": "广州品高"
	}, {
		"id": "530000200904299675",
		"imgSmall": "http://dummyimage.com/100x100/ff6600/fff&text=hello",
		"drugname": "题况条年断产约你保领全如",
		"spec": "200*200",
		"promotionPrice": 77.867916,
		"producer": "日立电梯"
	}, {
		"id": "220000199306115276",
		"imgSmall": "http://dummyimage.com/100x100/green/fff&text=hi",
		"drugname": "每即半应去容格选世过京求",
		"spec": "300*300",
		"promotionPrice": 64.669918515539,
		"producer": "广州品高"
	}, {
		"id": "540000199107182657",
		"imgSmall": "http://dummyimage.com/100x100/green/fff&text=hi",
		"drugname": "连员你标务己据还",
		"spec": "100*100",
		"promotionPrice": 87.07327806,
		"producer": "广州品高"
	}, {
		"id": "450000199608177539",
		"imgSmall": "http://dummyimage.com/100x100/ff6600/fff&text=hello",
		"drugname": "已少众圆把路局才连只见",
		"spec": "200*200",
		"promotionPrice": 84,
		"producer": "日立电梯"
	}, {
		"id": "210000200908256387",
		"imgSmall": "http://dummyimage.com/100x100/green/fff&text=hi",
		"drugname": "果了最山气百常领",
		"spec": "300*300",
		"promotionPrice": 99.20540394677178,
		"producer": "日立电梯"
	}]
}