{
    "returnValue": {
        "orderList": [{
            "orderTime": "2012-04-16 11:19:46",
            "purshaseId": "710000201210095203",
            "qutity": 95,
            "remark": "办亲总些合效江争步理他",
            "isDelete": 1,
            "GOODSID": "http://dummyimage.com/100x100/ff6600/fff&text=hello",
            "PRICE": 105,
            "PRODUCER": "品高公司",
            "GNAME": "这他它老置走是专特什张家",
            "APEC": "300x300"
        }, {
            "orderTime": "2004-09-02 04:33:45",
            "purshaseId": "650000200604096283",
            "qutity": 28,
            "remark": "特广少没养八称",
            "isDelete": 0,
            "GOODSID": "http://dummyimage.com/100x100/green/fff&text=hi",
            "PRICE": 42,
            "PRODUCER": "品高公司",
            "GNAME": "这他它老置走是专特什张家",
            "APEC": "400x400"
        }, {
            "orderTime": "2009-07-30 21:13:16",
            "purshaseId": "370000198512110706",
            "qutity": 82,
            "remark": "商铁百眼东点格算支走根市支意联世现展",
            "isDelete": 2,
            "GOODSID": "http://dummyimage.com/100x100/ff6600/fff&text=hello",
            "PRICE": 57,
            "PRODUCER": "品高公司",
            "GNAME": "这他它老置走是专特什张家",
            "APEC": "200x200"
        }, {
            "orderTime": "1976-01-07 01:36:09",
            "purshaseId": "370000199309118491",
            "qutity": 72,
            "remark": "根经表层影实行素价年向",
            "isDelete": 1,
            "GOODSID": "http://dummyimage.com/100x100/green/fff&text=hi",
            "PRICE": 66,
            "PRODUCER": "品高公司",
            "GNAME": "这他它老置走是专特什张家",
            "APEC": "300x300"
        }],
        "totalPrice": 951,
        "GNAME": "这他它老置走是专特什张家",
        "address": "天河软件园",
        "name": "张默默",
        "phone": "12360245343",
        "PURCHASE_DETAIL_ID": "51000020030214885X",
        "REMAR": "我司客户备注",
        "INVOICENOName": "品高有限公司"
    },
    "isSuccessed": true
}